Country,2009,2010,2011,2012,2013,2014,2015,2016,2017,2018,Division,Import/Export,Product Type
Austria,5 360,6 315,7 020,6 358,6 605,7 282,7 440,7 310,7 919,7 451,European Union (28),Export,Semi-finished and Finished Steel
Belgium,12 809,15 153,16 445,14 456,13 875,14 161,15 202,16 724,18 060,17 971,European Union (28),Export,Semi-finished and Finished Steel
Bulgaria,957,908,1 205,983,946,999,943,1 064,1 354,1 388,European Union (28),Export,Semi-finished and Finished Steel
Croatia,82,85,109,34,121,210,218,106,64,219,European Union (28),Export,Semi-finished and Finished Steel
Cyprus,0,0,0,1,1,1,1,0,4,0,European Union (28),Export,Semi-finished and Finished Steel
Czech Republic,3 877,4 651,4 855,4 642,4 751,4 736,4 830,5 192,4 785,5 068,European Union (28),Export,Semi-finished and Finished Steel
Denmark,680,857,976,798,797,790,935,946,984,1 052,European Union (28),Export,Semi-finished and Finished Steel
Estonia,120,204,274,194,107,114,104,109,138,151,European Union (28),Export,Semi-finished and Finished Steel
Germany,20 778,25 352,26 379,25 818,24 161,24 757,25 146,25 521,26 365,25 999,European Union (28),Export,Semi-finished and Finished Steel
Finland,1 397,2 490,2 861,1 820,1 617,1 840,1 902,1 948,2 018,2 194,European Union (28),Export,Semi-finished and Finished Steel
France,11 999,14 141,14 224,14 579,14 164,14 944,14 003,13 689,14 782,14 415,European Union (28),Export,Semi-finished and Finished Steel
Greece,1 035,1 170,1 742,1 215,973,920,997,990,1 292,1 631,European Union (28),Export,Semi-finished and Finished Steel
Hungary,1 090,1 316,1 470,1 698,1 766,1 607,1 440,1 404,1 892,2 086,European Union (28),Export,Semi-finished and Finished Steel
Ireland,34,37,44,50,47,65,93,121,91,100,European Union (28),Export,Semi-finished and Finished Steel
Italy,12 750,15 316,17 125,17 926,16 640,17 328,16 475,17 895,18 190,18 180,European Union (28),Export,Semi-finished and Finished Steel
Latvia,865,894,833,1 151,622,399,576,486,458,487,European Union (28),Export,Semi-finished and Finished Steel
Lithuania,178,205,253,284,258,269,330,380,386,400,European Union (28),Export,Semi-finished and Finished Steel
Luxembourg,2 471,3 059,3 442,2 869,2 731,3 003,2 908,2 920,2 920,3 027,European Union (28),Export,Semi-finished and Finished Steel
Malta,0,0,0,0,0,1,1,1,7,0,European Union (28),Export,Semi-finished and Finished Steel
Netherlands,7 707,9 271,10 441,9 734,8 761,9 715,10 630,10 214,10 916,11 029,European Union (28),Export,Semi-finished and Finished Steel
Poland,4 188,4 240,4 907,5 392,4 895,5 024,5 084,5 396,6 190,6 017,European Union (28),Export,Semi-finished and Finished Steel
Portugal,1 442,1 314,1 639,1 728,2 044,2 369,2 324,2 443,2 591,2 416,European Union (28),Export,Semi-finished and Finished Steel
Romania,2 030,2 950,3 157,2 682,2 277,2 339,2 585,2 506,2 789,2 859,European Union (28),Export,Semi-finished and Finished Steel
Slovak Republic,3 548,4 590,4 372,4 760,4 786,4 931,4 835,5 089,5 197,5 064,European Union (28),Export,Semi-finished and Finished Steel
Slovenia,589,688,843,817,807,871,993,1 010,1 103,1 226,European Union (28),Export,Semi-finished and Finished Steel
Spain,8 176,9 815,9 888,9 416,9 134,9 710,9 590,9 317,8 917,8 637,European Union (28),Export,Semi-finished and Finished Steel
Sweden,2 449,3 643,5 048,4 034,3 308,3 271,3 207,3 650,3 855,3 387,European Union (28),Export,Semi-finished and Finished Steel
United Kingdom,6 304,6 044,6 027,6 410,8 374,8 599,7 280,4 588,4 699,4 612,European Union (28),Export,Semi-finished and Finished Steel
,,,,,,,,,,,,,Semi-finished and Finished Steel
Albania,7,142,173,126,108,139,74,5,3,3,Other Europe,Export,Semi-finished and Finished Steel
Bosnia-Herzegovina,266,386,425,464,455,521,606,499,452,352,Other Europe,Export,Semi-finished and Finished Steel
Iceland,0,0,1,0,2,5,0,1,0,1,Other Europe,Export,Semi-finished and Finished Steel
Macedonia,423,519,622,484,373,431,406,512,595,617,Other Europe,Export,Semi-finished and Finished Steel
Montenegro,59,23,36,20,12,8,27,19,18,16,Other Europe,Export,Semi-finished and Finished Steel
Norway,591,507,547,664,567,551,521,571,540,491,Other Europe,Export,Semi-finished and Finished Steel
Serbia,982,1 284,1 116,488,609,748,908,936,1 141,1 444,Other Europe,Export,Semi-finished and Finished Steel
Switzerland,795,1 066,1 166,1 091,1 097,1 070,1 136,1 110,1 184,1 163,Other Europe,Export,Semi-finished and Finished Steel
Turkey,17 413,16 223,16 688,18 574,17 305,16 024,14 887,15 349,16 346,19 859,Other Europe,Export,Semi-finished and Finished Steel
Other Europe,8,13,5,8,3,2,2,2,3,5,Other Europe,Export,Semi-finished and Finished Steel
,,,,,,,,,,,,,Semi-finished and Finished Steel
Armenia,0,0,0,0,0,0,0,3,3,4,C.I.S.,Export,Semi-finished and Finished Steel
Azerbaijan,4,23,90,52,50,31,11,124,131,86,C.I.S.,Export,Semi-finished and Finished Steel
Belarus,1 962,1 915,1 970,2 167,1 872,2 123,2 170,1 885,2 000,2 172,C.I.S.,Export,Semi-finished and Finished Steel
Georgia,13,82,106,106,258,223,91,70,99,65,C.I.S.,Export,Semi-finished and Finished Steel
Kazakhstan,3 408,2 860,2 491,1 693,1 132,1 650,1 704,2 500,1 732,1 389,C.I.S.,Export,Semi-finished and Finished Steel
Kyrgyzstan,0,10,11,9,8,10,2,0,0,0,C.I.S.,Export,Semi-finished and Finished Steel
Moldova,273,224,221,314,147,344,273,194,375,467,C.I.S.,Export,Semi-finished and Finished Steel
Russia,27 587,27 382,24 729,26 678,23 641,28 084,29 702,31 186,31 159,33 343,C.I.S.,Export,Semi-finished and Finished Steel
Tajikistan,...,0,0,0,0,0,0,1,0,0,C.I.S.,Export,Semi-finished and Finished Steel
Turkmenistan,0,0,0,0,0,0,0,2,0,0,C.I.S.,Export,Semi-finished and Finished Steel
Ukraine,23 970,25 201,25 955,24 142,24 720,21 492,17 721,18 230,15 224,15 083,C.I.S.,Export,Semi-finished and Finished Steel
Uzbekistan,15,30,8,4,9,22,17,4,7,41,C.I.S.,Export,Semi-finished and Finished Steel
,,,,,,,,,,,,,
Canada,4 947,7 023,6 356,6 166,5 767,6 201,6 038,5 848,6 482,6 435,North America,Export,Semi-finished and Finished Steel
Costa Rica,7,4,2,6,12,14,110,213,324,221,North America,Export,Semi-finished and Finished Steel
Cuba,23,17,41,47,40,24,9,32,49,49,North America,Export,Semi-finished and Finished Steel
Dominican Republic,37,36,90,47,35,43,44,33,48,66,North America,Export,Semi-finished and Finished Steel
El Salvador,100,4,2,6,4,8,5,10,12,11,North America,Export,Semi-finished and Finished Steel
Guatemala,4,9,8,13,13,14,16,61,82,82,North America,Export,Semi-finished and Finished Steel
Honduras,20,20,2,13,12,19,17,28,21,14,North America,Export,Semi-finished and Finished Steel
Jamaica,0,0,2,...,...,0,0,0,0,0,North America,Export,Semi-finished and Finished Steel
Mexico,3 619,5 183,5 537,4 688,5 639,5 395,3 898,4 084,5 180,5 825,North America,Export,Semi-finished and Finished Steel
Nicaragua,4,5,0,0,0,1,2,1,0,1,North America,Export,Semi-finished and Finished Steel
Panama,3,5,4,7,3,11,5,4,5,7,North America,Export,Semi-finished and Finished Steel
Trinidad and Tobago,102,125,170,175,102,129,83,4,1,0,North America,Export,Semi-finished and Finished Steel
United States,9 238,11 802,13 288,13 560,12 508,11 961,10 000,9 247,10 211,8 623,North America,Export,Semi-finished and Finished Steel
Other North America,31,1,4,6,4,4,18,3,9,1,North America,Export,Semi-finished and Finished Steel
,,,,,,,,,,,,,
Argentina,1 294,1 113,1 118,1 026,880,890,471,450,612,129,South America,Export,Semi-finished and Finished Steel
Bolivia,0,0,0,0,0,0,0,0,0,0,South America,Export,Semi-finished and Finished Steel
Brazil,8 607,8 983,10 824,9 673,8 081,9 766,13 708,13 399,15 317,13 914,South America,Export,Semi-finished and Finished Steel
Chile,103,115,114,80,51,118,79,84,116,222,South America,Export,Semi-finished and Finished Steel
Colombia,191,203,188,178,119,100,66,66,89,98,South America,Export,Semi-finished and Finished Steel
Ecuador,10,27,25,20,22,21,40,41,40,60,South America,Export,Semi-finished and Finished Steel
Paraguay,11,9,3,...,0,0,0,1,...,5,South America,Export,Semi-finished and Finished Steel
Peru,135,138,134,166,166,178,149,215,209,219,South America,Export,Semi-finished and Finished Steel
Uruguay,31,20,26,1,28,28,20,38,47,26,South America,Export,Semi-finished and Finished Steel
Venezuela,770,246,712,163,80,20,78,48,24,23,South America,Export,Semi-finished and Finished Steel
Other South America,...,...,0,0,0,0,1,0,0,0,South America,Export,Semi-finished and Finished Steel
,,,,,,,,,,,,,
Algeria,10,3,11,23,15,4,1,0,1,59,Africa,Export,Semi-finished and Finished Steel
Cameroon,0,0,3,0,0,0,12,0,0,1,Africa,Export,Semi-finished and Finished Steel
Egypt,941,1 184,1 425,847,1 958,1 153,453,808,1 477,1 453,Africa,Export,Semi-finished and Finished Steel
Ghana,0,0,2,2,1,0,1,0,2,2,Africa,Export,Semi-finished and Finished Steel
Ivory Coast,0,0,1,1,0,0,0,0,1,0,Africa,Export,Semi-finished and Finished Steel
Kenya,1,1,1,0,1,0,1,0,0,0,Africa,Export,Semi-finished and Finished Steel
Libya,95,124,92,47,9,3,13,6,18,51,Africa,Export,Semi-finished and Finished Steel
Morocco,24,64,169,141,92,47,65,107,155,133,Africa,Export,Semi-finished and Finished Steel
Nigeria,1,1,5,5,0,19,6,1,10,5,Africa,Export,Semi-finished and Finished Steel
Senegal,0,0,1,0,0,0,0,0,0,0,Africa,Export,Semi-finished and Finished Steel
South Africa,2 844,3 018,2 567,2 216,1 888,2 339,2 190,2 194,2 562,2 857,Africa,Export,Semi-finished and Finished Steel
Sudan,0,0,1,0,0,0,0,0,0,0,Africa,Export,Semi-finished and Finished Steel
Tanzania,0,1,1,1,0,1,...,0,0,1,Africa,Export,Semi-finished and Finished Steel
Tunisia,96,149,160,99,70,84,53,42,31,85,Africa,Export,Semi-finished and Finished Steel
Other Africa,13,41,43,59,54,63,28,24,21,25,Africa,Export,Semi-finished and Finished Steel
,,,,,,,,,,,,,
Bahrain,26,37,45,41,513,153,540,768,782,665,Middle East,Export,Semi-finished and Finished Steel
Iran,131,297,270,260,368,2 868,3 798,5 654,7 460,9 273,Middle East,Export,Semi-finished and Finished Steel
Iraq,0,1,0,1,0,0,0,0,1,0,Middle East,Export,Semi-finished and Finished Steel
Israel,42,47,59,35,17,7,6,5,8,10,Middle East,Export,Semi-finished and Finished Steel
Jordan,1,0,1,1,3,0,1,76,72,117,Middle East,Export,Semi-finished and Finished Steel
Kuwait,2,3,16,6,8,3,0,109,101,112,Middle East,Export,Semi-finished and Finished Steel
Lebanon,13,14,27,20,24,4,1,0,0,1,Middle East,Export,Semi-finished and Finished Steel
Oman,39,40,195,56,49,101,118,268,653,779,Middle East,Export,Semi-finished and Finished Steel
Qatar,800,900,585,1 000,1 000,45,0,349,529,1 410,Middle East,Export,Semi-finished and Finished Steel
Saudi Arabia,101,132,699,285,247,123,1 129,1 141,1 138,1 775,Middle East,Export,Semi-finished and Finished Steel
Syria,2,0,10,0,0,...,0,1,0,0,Middle East,Export,Semi-finished and Finished Steel
United Arab Emirates,106,188,949,248,265,860,634,3 404,2 951,2 584,Middle East,Export,Semi-finished and Finished Steel
Yemen,0,...,1,0,...,9,14,...,...,0,Middle East,Export,Semi-finished and Finished Steel
Other Middle East,151,238,...,...,...,...,...,...,...,...,Middle East,Export,Semi-finished and Finished Steel
,,,,,,,,,,,,,
,,,,,,,,,,,,,
Bangladesh,8,12,14,19,26,18,5,4,6,6,Asia,Export,Semi-finished and Finished Steel
China,23 969,41 646,47 899,54 793,61 543,92 907,111 556,108 066,74 808,68 767,Asia,Export,Semi-finished and Finished Steel
Hong Kong,1 226,1 432,1 246,1 168,1 087,1 281,168,988,839,704,Asia,Export,Semi-finished and Finished Steel
India,5 552,6 690,8 940,8 232,10 078,10 379,7 563,10 325,16 335,11 101,Asia,Export,Semi-finished and Finished Steel
Indonesia,1 104,1 236,1 249,901,660,1 342,2 003,1 599,2 425,3 792,Asia,Export,Semi-finished and Finished Steel
Japan,33 306,42 735,40 656,41 458,42 502,41 346,40 804,40 505,37 471,35 839,Asia,Export,Semi-finished and Finished Steel
D.P.R. Korea (e),76,130,67,78,60,57,33,40,29,16,Asia,Export,Semi-finished and Finished Steel
South Korea,20 237,24 628,28 866,30 227,28 927,31 906,31 173,30 586,31 355,30 056,Asia,Export,Semi-finished and Finished Steel
Malaysia,2 920,2 294,2 746,2 319,1 618,2 100,1 823,1 428,1 725,1 693,Asia,Export,Semi-finished and Finished Steel
Myanmar,0,0,2,5,2,0,2,1,7,5,Asia,Export,Semi-finished and Finished Steel
Pakistan,585,1 063,292,220,159,224,53,65,117,543,Asia,Export,Semi-finished and Finished Steel
Philippines,76,57,105,140,65,149,21,29,37,33,Asia,Export,Semi-finished and Finished Steel
Singapore,1 691,1 904,2 312,2 252,2 275,2 155,1 729,1 708,1 479,1 634,Asia,Export,Semi-finished and Finished Steel
Sri Lanka,1,1,2,3,1,1,1,1,1,4,Asia,Export,Semi-finished and Finished Steel
"Taiwan, China",9 953,10 001,10 545,10 539,11 559,12 086,11 177,12 233,12 117,12 285,Asia,Export,Semi-finished and Finished Steel
Thailand,1 587,1 776,1 599,1 569,1 504,1 414,1 254,1 460,1 853,1 916,Asia,Export,Semi-finished and Finished Steel
Viet Nam,151,695,1 137,1 280,1 383,1 523,1 512,2 537,4 034,5 368,Asia,Export,Semi-finished and Finished Steel
Other Asia,1 039,189,1 203,1 384,952,985,1 127,1 159,1 258,1 505,Asia,Export,Semi-finished and Finished Steel
,,,,,,,,,,,,,
Australia,928,1 659,1 389,641,631,683,841,776,979,998,Oceania,Export,Semi-finished and Finished Steel
New Zealand,275,406,448,421,475,287,347,188,192,221,Oceania,Export,Semi-finished and Finished Steel
Other Oceania,2,1,21,4,1,1,0,0,0,2,Oceania,Export,Semi-finished and Finished Steel
,,,,,,,,,,,,,
Austria,2 969,3 253,3 830,3 674,3 320,3 739,4 194,4 328,4 590,4 810,European Union (28),Import,Semi-finished and Finished Steel
Belgium,9 687,11 481,13 309,10 557,10 109,10 743,12 073,13 007,14 073,14 845,European Union (28),Import,Semi-finished and Finished Steel
Bulgaria,1 029,1 012,1 503,1 353,1 513,1 878,1 741,1 969,1 799,1 994,European Union (28),Import,Semi-finished and Finished Steel
Croatia,822,731,678,657,632,680,772,844,821,800,European Union (28),Import,Semi-finished and Finished Steel
Cyprus,305,341,231,162,131,109,144,154,252,337,European Union (28),Import,Semi-finished and Finished Steel
Czech Republic,4 161,5 482,5 828,5 921,5 791,5 750,6 146,6 477,7 075,7 370,European Union (28),Import,Semi-finished and Finished Steel
Denmark,1 624,1 944,2 442,2 250,2 249,2 246,2 436,2 535,2 504,2 592,European Union (28),Import,Semi-finished and Finished Steel
Estonia,295,495,624,511,433,455,422,540,611,682,European Union (28),Import,Semi-finished and Finished Steel
Germany,17 656,22 733,24 854,22 729,21 881,24 263,24 817,26 620,27 094,26 584,European Union (28),Import,Semi-finished and Finished Steel
Finland,972,1 408,1 406,1 055,1 017,1 025,962,1 078,1 995,1 465,European Union (28),Import,Semi-finished and Finished Steel
France,11 439,14 178,14 715,13 163,13 154,13 418,13 656,14 570,15 073,14 882,European Union (28),Import,Semi-finished and Finished Steel
Greece,1 708,1 383,1 372,1 072,1 162,1 262,1 173,1 424,1 363,1 600,European Union (28),Import,Semi-finished and Finished Steel
Hungary,1 272,1 540,1 860,2 126,2 899,2 613,2 275,2 710,2 783,3 058,European Union (28),Import,Semi-finished and Finished Steel
Ireland,390,459,440,457,451,544,658,684,760,810,European Union (28),Import,Semi-finished and Finished Steel
Italy,12 550,16 307,17 478,13 899,15 626,16 632,19 936,19 616,20 091,20 619,European Union (28),Import,Semi-finished and Finished Steel
Latvia,500,660,908,591,650,721,864,827,702,937,European Union (28),Import,Semi-finished and Finished Steel
Lithuania,440,560,693,744,780,858,894,1 048,1 060,1 142,European Union (28),Import,Semi-finished and Finished Steel
Luxembourg,1 144,1 439,1 258,1 041,1 193,1 153,1 139,1 158,1 057,1 210,European Union (28),Import,Semi-finished and Finished Steel
Malta,45,56,34,33,31,41,44,42,42,56,European Union (28),Import,Semi-finished and Finished Steel
Netherlands,6 309,6 853,8 293,7 557,6 144,6 963,6 803,8 359,8 820,10 329,European Union (28),Import,Semi-finished and Finished Steel
Poland,5 359,6 386,7 551,7 845,7 993,9 125,9 214,10 105,10 652,12 061,European Union (28),Import,Semi-finished and Finished Steel
Portugal,2 226,2 351,2 026,1 900,2 472,2 521,2 740,2 803,3 066,3 140,European Union (28),Import,Semi-finished and Finished Steel
Romania,2 095,2 770,3 374,2 930,2 784,3 216,3 454,3 511,3 833,4 102,European Union (28),Import,Semi-finished and Finished Steel
Slovak Republic,1 578,2 127,2 343,2 127,2 446,2 552,2 677,2 940,3 004,2 994,European Union (28),Import,Semi-finished and Finished Steel
Slovenia,1 070,1 124,1 275,1 136,1 125,1 223,1 407,1 483,1 553,1 745,European Union (28),Import,Semi-finished and Finished Steel
Spain,7 040,8 630,8 449,7 329,7 401,8 127,8 885,9 391,9 948,10 779,European Union (28),Import,Semi-finished and Finished Steel
Sweden,2 788,3 843,4 578,3 727,3 154,3 144,3 077,3 433,3 751,4 403,European Union (28),Import,Semi-finished and Finished Steel
United Kingdom,4 374,6 297,7 462,7 140,6 349,7 403,7 182,7 652,7 847,7 889,European Union (28),Import,Semi-finished and Finished Steel
,,,,,,,,,,,,,
Albania,389,253,259,257,181,173,238,394,250,233,Other Europe,Import,Semi-finished and Finished Steel
Bosnia-Herzegovina,220,315,316,281,278,268,314,418,459,470,Other Europe,Import,Semi-finished and Finished Steel
Iceland,31,34,35,37,106,40,50,62,59,65,Other Europe,Import,Semi-finished and Finished Steel
Macedonia,447,538,404,360,340,448,515,764,553,571,Other Europe,Import,Semi-finished and Finished Steel
Montenegro,21,16,17,19,25,25,66,76,126,46,Other Europe,Import,Semi-finished and Finished Steel
Norway,960,853,1 031,1 004,954,1 419,1 000,1 001,1 139,1 101,Other Europe,Import,Semi-finished and Finished Steel
Serbia,774,562,471,618,622,672,665,647,743,884,Other Europe,Import,Semi-finished and Finished Steel
Switzerland,1 856,2 280,2 485,2 426,2 438,2 454,2 330,2 498,2 544,2 590,Other Europe,Import,Semi-finished and Finished Steel
Turkey,10 236,10 746,10 304,11 499,14 462,13 394,18 614,17 009,15 814,14 043,Other Europe,Import,Semi-finished and Finished Steel
Other Europe,195,3 020,242,121,127,123,205,120,151,132,Other Europe,Import,Semi-finished and Finished Steel
,,,,,,,,,,,,,
Armenia,113,111,79,80,76,80,72,91,107,143,C.I.S.,Import,Semi-finished and Finished Steel
Azerbaijan,667,793,912,1 060,1 257,1 248,839,561,536,660,C.I.S.,Import,Semi-finished and Finished Steel
Belarus,1 482,2 079,1 972,2 210,2 342,1 880,1 481,1 514,1 777,1 881,C.I.S.,Import,Semi-finished and Finished Steel
Georgia,206,282,311,374,391,451,412,460,445,507,C.I.S.,Import,Semi-finished and Finished Steel
Kazakhstan,2 295,1 134,1 316,1 667,1 201,1 660,505,444,403,421,C.I.S.,Import,Semi-finished and Finished Steel
Kyrgyzstan,136,134,181,265,321,343,301,288,278,313,C.I.S.,Import,Semi-finished and Finished Steel
Moldova,121,124,138,178,178,208,151,166,150,164,C.I.S.,Import,Semi-finished and Finished Steel
Russia,3 586,5 229,7 199,6 897,6 571,6 442,4 364,4 448,6 505,6 375,C.I.S.,Import,Semi-finished and Finished Steel
Tajikistan,137,105,111,174,245,277,379,309,280,357,C.I.S.,Import,Semi-finished and Finished Steel
Turkmenistan,758,482,575,1 172,1 014,1 004,798,550,233,234,C.I.S.,Import,Semi-finished and Finished Steel
Ukraine,1 008,1 793,1 981,1 876,1 767,1 202,804,1 138,1 401,1 582,C.I.S.,Import,Semi-finished and Finished Steel
Uzbekistan,871,633,622,819,1 160,1 252,1 160,1 127,1 727,2 000,C.I.S.,Import,Semi-finished and Finished Steel
,,,,,,,,,,,,,
Canada,6 217,9 331,10 903,9 618,8 895,10 293,8 021,7 727,8 809,9 110,North America,Import,Semi-finished and Finished Steel
Costa Rica,275,298,461,411,417,446,504,786,875,901,North America,Import,Semi-finished and Finished Steel
Cuba,137,175,216,171,187,131,272,187,174,145,North America,Import,Semi-finished and Finished Steel
Dominican Republic,668,683,603,491,583,734,829,827,859,1 062,North America,Import,Semi-finished and Finished Steel
El Salvador,95,162,174,197,262,246,313,367,389,397,North America,Import,Semi-finished and Finished Steel
Guatemala,343,430,547,441,548,649,920,935,859,783,North America,Import,Semi-finished and Finished Steel
Honduras,100,105,196,266,230,270,306,300,399,362,North America,Import,Semi-finished and Finished Steel
Jamaica,68,69,79,125,100,142,158,133,191,159,North America,Import,Semi-finished and Finished Steel
Mexico,4 858,6 732,6 846,9 266,8 117,9 111,10 031,9 679,11 625,10 995,North America,Import,Semi-finished and Finished Steel
Nicaragua,77,52,72,95,73,112,171,223,160,130,North America,Import,Semi-finished and Finished Steel
Panama,354,439,542,442,585,725,590,580,566,526,North America,Import,Semi-finished and Finished Steel
Trinidad and Tobago,311,145,140,178,193,256,231,222,230,215,North America,Import,Semi-finished and Finished Steel
United States,15 342,22 510,26 590,30 886,29 812,41 369,36 485,30 913,35 366,31 726,North America,Import,Semi-finished and Finished Steel
Other North America,993,653,188,163,195,179,258,277,312,279,North America,Import,Semi-finished and Finished Steel
,,,,,,,,,,,,,
Argentina,671,1 261,1 272,1 315,1 152,920,1 195,772,1 556,843,South America,Import,Semi-finished and Finished Steel
Bolivia,300,370,380,381,421,464,428,509,497,497,South America,Import,Semi-finished and Finished Steel
Brazil,2 357,5 904,3 783,3 777,3 683,3 947,3 195,1 864,2 313,2 373,South America,Import,Semi-finished and Finished Steel
Chile,678,1 790,1 377,1 557,1 696,1 729,1 905,1 798,1 899,2 076,South America,Import,Semi-finished and Finished Steel
Colombia,1 606,1 987,2 439,1 894,2 628,3 125,2 912,2 748,2 486,2 863,South America,Import,Semi-finished and Finished Steel
Ecuador,793,927,1 195,1 095,1 236,1 283,1 027,927,1 096,851,South America,Import,Semi-finished and Finished Steel
Paraguay,110,196,272,264,339,390,303,328,371,474,South America,Import,Semi-finished and Finished Steel
Peru,996,1 779,1 862,1 573,1 880,2 015,2 209,2 247,1 859,2 176,South America,Import,Semi-finished and Finished Steel
Uruguay,102,131,195,141,189,212,215,156,177,172,South America,Import,Semi-finished and Finished Steel
Venezuela,417,471,644,1 011,980,897,725,318,128,44,South America,Import,Semi-finished and Finished Steel
Other South America,46,23,72,78,86,86,110,82,90,110,South America,Import,Semi-finished and Finished Steel
,,,,,,,,,,,,,
Algeria,5 510,3 654,3 947,4 723,5 126,5 975,6 300,5 465,4 619,3 181,Africa,Import,Semi-finished and Finished Steel
Cameroon,170,159,158,234,233,269,281,243,195,221,Africa,Import,Semi-finished and Finished Steel
Egypt,5 625,3 324,2 574,3 654,4 237,6 167,7 881,9 197,5 538,421,Africa,Import,Semi-finished and Finished Steel
Ghana,414,479,779,716,699,767,889,836,704,753,Africa,Import,Semi-finished and Finished Steel
Ivory Coast,168,208,191,205,266,301,345,397,413,399,Africa,Import,Semi-finished and Finished Steel
Kenya,821,797,1 207,949,1 308,1 333,1 708,1 491,1 364,1 415,Africa,Import,Semi-finished and Finished Steel
Libya,1 439,1 147,154,746,967,610,419,173,136,383,Africa,Import,Semi-finished and Finished Steel
Morocco,1 954,1 411,1 421,1 294,1 641,1 670,2 019,2 152,1 535,1 496,Africa,Import,Semi-finished and Finished Steel
Nigeria,1 783,1 341,1 762,1 753,2 193,1 955,1 677,1 209,1 022,1 497,Africa,Import,Semi-finished and Finished Steel
Senegal,267,338,403,368,313,386,419,517,476,593,Africa,Import,Semi-finished and Finished Steel
South Africa,635,843,1 259,1 108,1 759,1 418,1 699,1 392,1 186,1 024,Africa,Import,Semi-finished and Finished Steel
Sudan,496,422,400,426,387,310,507,576,611,440,Africa,Import,Semi-finished and Finished Steel
Tanzania,321,332,443,411,726,602,667,551,535,732,Africa,Import,Semi-finished and Finished Steel
Tunisia,925,1 108,997,810,886,955,1 098,1 010,1 169,1 300,Africa,Import,Semi-finished and Finished Steel
Other Africa,3 293,2 975,3 541,4 203,4 701,4 973,5 219,4 496,3 867,4 173,Africa,Import,Semi-finished and Finished Steel
,,,,,,,,,,,,,
Bahrain,100,176,197,176,99,94,160,417,590,493,Middle East,Import,Semi-finished and Finished Steel
Iran,9 139,9 613,8 556,5 604,3 111,4 187,4 472,4 683,3 098,1 790,Middle East,Import,Semi-finished and Finished Steel
Iraq,1 920,2 297,2 676,4 028,4 480,3 116,2 878,2 472,2 366,2 781,Middle East,Import,Semi-finished and Finished Steel
Israel,1 334,1 530,1 808,1 926,2 164,2 335,2 651,2 983,2 828,3 023,Middle East,Import,Semi-finished and Finished Steel
Jordan,1 567,1 336,1 094,1 245,868,854,863,1 392,765,824,Middle East,Import,Semi-finished and Finished Steel
Kuwait,617,1 521,1 123,788,680,728,1 000,1 477,1 141,1 149,Middle East,Import,Semi-finished and Finished Steel
Lebanon,2 533,2 455,2 748,2 999,1 500,1 482,1 196,1 515,1 177,961,Middle East,Import,Semi-finished and Finished Steel
Oman,426,496,689,862,688,968,1 182,1 768,1 538,1 734,Middle East,Import,Semi-finished and Finished Steel
Qatar,287,136,239,319,215,272,300,443,473,732,Middle East,Import,Semi-finished and Finished Steel
Saudi Arabia,3 419,5 179,6 210,8 092,6 664,6 641,6 491,7 355,4 610,3 739,Middle East,Import,Semi-finished and Finished Steel
Syria,2 317,1 795,1 977,638,267,350,325,277,292,288,Middle East,Import,Semi-finished and Finished Steel
United Arab Emirates,6 030,6 818,6 115,6 242,5 590,6 647,6 608,7 422,6 501,5 747,Middle East,Import,Semi-finished and Finished Steel
Yemen,820,517,355,653,859,899,402,802,893,1 018,Middle East,Import,Semi-finished and Finished Steel
Other Middle East,...,1,...,0,...,0,3,0,0,0,Middle East,Import,Semi-finished and Finished Steel
,,,,,,,,,,,,,
Bangladesh,1 641,1 834,1 990,2 316,2 468,2 720,4 030,4 014,2 673,3 140,Asia,Import,Semi-finished and Finished Steel
China,22 350,17 181,16 349,14 154,14 774,14 903,13 178,13 581,13 909,14 366,Asia,Import,Semi-finished and Finished Steel
Hong Kong,2 830,3 241,3 013,3 029,3 365,3 827,3 694,3 306,3 027,2 763,Asia,Import,Semi-finished and Finished Steel
India,8 288,9 744,9 213,9 341,7 392,9 477,13 284,9 904,8 882,9 026,Asia,Import,Semi-finished and Finished Steel
Indonesia,5 712,7 614,8 595,12 032,12 297,11 026,11 413,12 574,11 414,11 700,Asia,Import,Semi-finished and Finished Steel
Japan,3 037,4 440,5 563,5 733,5 413,6 733,5 918,6 014,6 233,6 040,Asia,Import,Semi-finished and Finished Steel
D.P.R. Korea (e),93,95,114,124,133,175,234,254,179,3,Asia,Import,Semi-finished and Finished Steel
South Korea,20 340,24 779,22 828,20 402,19 033,22 408,21 674,23 285,19 323,14 928,Asia,Import,Semi-finished and Finished Steel
Malaysia,3 908,5 189,5 067,5 942,6 722,7 637,7 816,9 073,7 738,7 952,Asia,Import,Semi-finished and Finished Steel
Myanmar,802,911,1 193,1 439,1 437,2 147,2 420,2 374,2 004,2 076,Asia,Import,Semi-finished and Finished Steel
Pakistan,1 739,1 695,1 591,1 953,2 062,2 477,3 411,4 358,3 917,3 474,Asia,Import,Semi-finished and Finished Steel
Philippines,3 211,4 050,3 927,4 384,4 972,6 805,7 282,7 248,7 308,9 104,Asia,Import,Semi-finished and Finished Steel
Singapore,3 860,4 236,5 438,5 399,6 167,5 673,5 180,4 285,3 648,4 057,Asia,Import,Semi-finished and Finished Steel
Sri Lanka,378,466,529,613,586,673,951,1 068,1 050,996,Asia,Import,Semi-finished and Finished Steel
"Taiwan, China",6 535,8 499,7 552,7 521,7 764,8 859,7 510,7 862,7 425,7 694,Asia,Import,Semi-finished and Finished Steel
Thailand,9 027,12 281,12 498,15 183,15 866,15 081,14 628,17 605,14 486,15 468,Asia,Import,Semi-finished and Finished Steel
Viet Nam,9 433,9 211,7 869,7 779,9 951,12 359,16 343,19 499,16 222,14 155,Asia,Import,Semi-finished and Finished Steel
Other Asia,1 584,1 815,4 367,3 071,2 265,2 769,2 576,3 478,4 478,4 965,Asia,Import,Semi-finished and Finished Steel
,,,,,,,,,,,,,
Australia,2 113,2 597,2 346,2 884,2 208,2 978,2 868,1 935,2 269,2 290,Oceania,Import,Semi-finished and Finished Steel
New Zealand,264,337,310,329,362,388,394,409,402,393,Oceania,Import,Semi-finished and Finished Steel
Other Oceania,118,141,132,135,126,130,176,207,190,178,Oceania,Import,Semi-finished and Finished Steel
